Errors,Id,Name
,001Ig00000GupTRIAZ,New Test Account
,001Ig00000GupTSIAZ,Manual Step Automation
,001Ig00000GupTTIAZ,GenePoint
,001Ig00000GupTUIAZ,Edge Communications
,001Ig00000Gur50IAB,Texas Treat Heat
,001Ig00000Gur51IAB,Madison Investments
,001Ig00000Gur52IAB,Madison Investments
,001Ig00000Gur53IAB,Alpha Dynamics
,001Ig00000Gur54IAB,Alpha Dynamics
,001Ig00000Gur55IAB,GenePoint
,001Ig00000Gur56IAB,Edge Communications
,001Ig00000Gur57IAB,New Test Account
,001Ig00000Gur58IAB,Manual Step Automation
,001Ig00000Gur59IAB,Texas Treat Heat
,001Ig00000Gur5AIAR,Madison Investments
,001Ig00000Gur5BIAR,Madison Investments
,001Ig00000Gur5CIAR,Alpha Dynamics
,001Ig00000Gur5DIAR,Alpha Dynamics
,001Ig00000Gur5EIAR,Texas Treat Heat
,001Ig00000Gur5FIAR,Madison Investments
,001Ig00000Gur5GIAR,Madison Investments
,001Ig00000Gur5HIAR,Alpha Dynamics
,001Ig00000Gur5IIAR,Alpha Dynamics
,001Ig00000Gur5JIAR,New Test Account
,001Ig00000Gur5KIAR,Manual Step Automation
,001Ig00000Gur5LIAR,GenePoint
,001Ig00000Gur5MIAR,Edge Communications
,001Ig00000Gur5NIAR,Texas Treat Heat
,001Ig00000Gur5OIAR,Madison Investments
,001Ig00000Gur5PIAR,Madison Investments
,001Ig00000Gur5QIAR,Alpha Dynamics
,001Ig00000Gur5RIAR,Alpha Dynamics
,001Ig00000Gur5SIAR,Manual Step Automation
,001Ig00000Gur5TIAR,New Test Account
,001Ig00000Gur5UIAR,GenePoint
,001Ig00000Gur5VIAR,Edge Communications
,001Ig00000Gur5WIAR,Texas Treat Heat
,001Ig00000Gur5XIAR,Madison Investments
,001Ig00000Gur5YIAR,Madison Investments
,001Ig00000Gur5ZIAR,Alpha Dynamics
,001Ig00000Gur5aIAB,Alpha Dynamics
,001Ig00000Gur5bIAB,New Test Account
,001Ig00000Gur5cIAB,Manual Step Automation
,001Ig00000Gur5dIAB,GenePoint
,001Ig00000Gur5eIAB,Edge Communications
,001Ig00000Gur5fIAB,Texas Treat Heat
,001Ig00000Gur5gIAB,Madison Investments
,001Ig00000Gur5hIAB,Madison Investments
,001Ig00000Gur5iIAB,Alpha Dynamics
,001Ig00000Gur5jIAB,Alpha Dynamics
,001Ig00000Gur5kIAB,GenePoint
,001Ig00000Gur5lIAB,Edge Communications
,001Ig00000Gur5mIAB,New Test Account
,001Ig00000Gur5nIAB,Manual Step Automation
,001Ig00000Gur5oIAB,New Test Account
,001Ig00000Gur5pIAB,Manual Step Automation
,001Ig00000Gur5qIAB,GenePoint
,001Ig00000Gur5rIAB,Edge Communications
,001Ig00000Gur5sIAB,Texas Treat Heat
,001Ig00000Gur5tIAB,Madison Investments
,001Ig00000Gur5uIAB,Madison Investments
,001Ig00000Gur5vIAB,Alpha Dynamics
,001Ig00000Gur5wIAB,Alpha Dynamics
,001Ig00000Gur5xIAB,Manual Step Automation
,001Ig00000Gur5yIAB,New Test Account
,001Ig00000Gur5zIAB,GenePoint
,001Ig00000Gur60IAB,Edge Communications
,001Ig00000Gur61IAB,Texas Treat Heat
,001Ig00000Gur62IAB,Madison Investments
,001Ig00000Gur63IAB,Madison Investments
,001Ig00000Gur64IAB,Alpha Dynamics
,001Ig00000Gur65IAB,Alpha Dynamics
